{"3": 1.9546100900622568e-07, "4": 0.6622736126061631, "5": 0.21776456540027989, "6": 0.21762751949100279, "7": 0.03725122845493748, "8": 4.349433272552006e-21, "9": 8.741602278071166e-05, "10": 0.6258232864861888, "11": 0.7793866819299489, "12": 0.0024579805320427903, "13": 0.603348411458357, "14": 8.48872124389947e-70, "15": 0.4886485141104283, "16": 0.6840617462355305, "17": 0.06806056466411625, "18": 1.020754835354793e-13, "19": 0.8547670846641138, "20": 8.592868891177693e-05, "21": 0.0025397508896303125, "22": 0.00016832650056092076, "23": 0.950187896452338, "24": 0.8719769434413122, "25": 0.3720652503466739, "26": 0.07885845874187146, "27": 0.005794682284647987, "28": 4.118170085934126e-05, "29": 0.381102100201551, "30": 0.17001516015209217, "31": 0.07429049451011178, "32": 0.04037152063185847, "33": 0.00766760975111318, "34": 0.02729344991215385, "35": 0.0028257786262296664, "36": 0.34928842894435685, "37": 0.09122185696879133, "38": 0.027395752656982724, "39": 0.2160518671778645, "40": 0.6680775574331719, "41": 0.0001560194972090332, "42": 0.040090624500069526, "43": 0.12714945032873004, "44": 1.2616687505351848e-15, "45": 1.7367621698716977e-07, "46": 3.847066138506301e-12, "47": 1.9091519079644442e-11, "48": 0.0009336687501923406, "49": 0.03491475053166875, "50": 2.2032249149090534e-05, "51": 0.5004144053243172, "52": 3.5225052121464146e-07, "53": 0.01415988958577694, "54": 0.005672562174505001, "55": 0.08675094851255717, "56": 0.20212459157265295, "57": -1, "58": -1, "59": -1, "60": -1, "61": -1, "62": -1, "63": -1, "64": -1, "65": -1, "66": -1}